Title,Recruiter,Salary,Position,Location,Date Posted
Software Developer – Mobile (Junior),Hi-Tech Cape Town,R Undisclosed,Permanent Junior position,Primrose,Posted 14 Jun 2024
Software Developer II - 2 x Senior Developers Java Spring (Vigie) - EPP project,The Focus Group,R Undisclosed,Contract Senior position,Randburg,Posted 18 Jun 2024
Software Developer Trainee,Placement Specialist,"R25,000 - R27,000 per month",Permanent Junior position,Bryanston,Posted 17 Jun 2024
Full Stack Front End Developer at Accenture,Accenture,R Undisclosed,Permanent Intermediate position,Midrand,Posted 22 Jun 2024
Senior React Native/C# Developer,Mediro Application Consulting,R Undisclosed,Permanent Senior position,Pretoria,Posted 22 Jun 2024
Full Stack Developer (Advanced) 2456 TT,Mediro Application Consulting,R Undisclosed,Contract Intermediate position,Pretoria,Posted 22 Jun 2024
.NET Tech Lead,iOCO Digital Talent,R Undisclosed,Permanent Senior position,"Gauteng
 / Work From Home",Posted 20 Jun 2024
ICT Web And Mobile Developer,iOCO Digital Talent,R Undisclosed,Permanent Senior position,Centurion,Posted 22 Jun 2024
Intermediate .NET Developer,iOCO Digital Talent,R Undisclosed,Permanent Intermediate position,Pretoria,Posted 21 Jun 2024
SENIOR APPLICATION DEVELOPER,Accredited Resource Consulting Services (Pty) Ltd,R Undisclosed,Permanent Intermediate position,Centurion,Posted 21 Jun 2024
Full Stack Developer (JavaScript & Angular),Datafin,R Undisclosed,Permanent Senior position,Pretoria,Posted 21 Jun 2024
Senior C# Developer,MSP Staffing,"R75,000 - R100,000 per month",Permanent Senior position,"Johannesburg Region
 / Work From Home",Posted 21 Jun 2024
Angular Developer - Consumer Web,Staff Unlimited,R Undisclosed,Permanent Intermediate position,Centurion,Posted 22 Jun 2024
Fullstack DevOps Engineer (Chief Expert) 0120,Jordan HR,R Undisclosed,Permanent Senior position,Pretoria,Posted 21 Jun 2024
DevOps Engineer (Advanced) T_2566,Jordan HR,R Undisclosed,Permanent Intermediate position,Pretoria,Posted 21 Jun 2024
C# Developer,Dynamix,"R20,000 - R50,000 per month",Permanent Junior position,Pretoria CBD,Posted 20 Jun 2024
.Net Application Developer (Mid-Senior) at Accenture,Accenture,"R50,000 per month",Permanent Specialist EE position,Centurion,Posted 19 Jun 2024
Mobile Developer (React Native),Datafin,R Undisclosed,Permanent Senior position,Johannesburg,Posted 21 Jun 2024
Full Stack Developer - Chanel,OTTOBAUTHENTIC (PTY) LTD,"R30,000 - R60,000 per month",Permanent Specialist position,Menlyn,Posted 19 Jun 2024
Azure Full Stack Developer,OTTOBAUTHENTIC (PTY) LTD,"R21,400 - R32,000 per month",Permanent Junior position,Menlyn,Posted 19 Jun 2024
JAVA Technical Lead,Datafin,R Undisclosed,Permanent Senior position,Johannesburg,Posted 21 Jun 2024
Senior Java Developer,DCV Sabenza IT and Recruitment,Undisclosed,Permanent Senior position,Johannesburg Region,Posted 20 Jun 2024
Intermediate Java Developer,DCV Sabenza IT and Recruitment,Undisclosed,Permanent Intermediate EE position,Sandown,Posted 20 Jun 2024
Integration Developer at Financial Intelligence Centre,Financial Intelligence Centre,R Undisclosed,Permanent Senior position,Pretoria,Posted 19 Jun 2024
Mobile Fullstack Developer,Salt South Africa,"R3,700 - R5,300 per month",Permanent Intermediate position,Braamfontein (Braampark),Posted 18 Jun 2024
